aaron_windsor = aaron_windsor <aaron_windsor@boost.org>
abrahams = abrahams <abrahams@boost.org>
agurtovoy = agurtovoy <agurtovoy@boost.org>
akalin = akalin <akalin@boost.org>
alisdairm27386 = alisdairm27386 <alisdairm27386@boost.org>
alnsn = alnsn <alnsn@boost.org>
andreas_huber69 = andreas_huber69 <andreas_huber69@boost.org>
andysem = andysem <andysem@boost.org>
anthonyw = anthonyw <anthonyw@boost.org>
asutton = asutton <asutton@boost.org>
atompkins = atompkins <atompkins@boost.org>
az_sw_dude = az_sw_dude <az_sw_dude@boost.org>
beman = beman <beman@boost.org>
beman_dawes = beman_dawes <beman_dawes@boost.org>
bemandawes = bemandawes <bemandawes@boost.org>
ben_hanson = ben_hanson <ben_hanson@boost.org>
bgubenko = bgubenko <bgubenko@boost.org>
bill_kempf = bill_kempf <bill_kempf@boost.org>
biochimia = biochimia <biochimia@boost.org>
bjorn_karlsson = bjorn_karlsson <bjorn_karlsson@boost.org>
blq = blq <blq@boost.org>
brett_calcott = brett_calcott <brett_calcott@boost.org>
burbelgruff = burbelgruff <burbelgruff@boost.org>
cepstein = cepstein <cepstein@boost.org>
cgc = cgc <cgc@boost.org>
chenry = chenry <chenry@boost.org>
chhenning = chhenning <chhenning@boost.org>
chris_hite = chris_hite <chris_hite@boost.org>
chrisj = chrisj <chrisj@boost.org>
chris_kohlhoff = chris_kohlhoff <chris_kohlhoff@boost.org>
cnewbold = cnewbold <cnewbold@boost.org>
cornedbee = cornedbee <cornedbee@boost.org>
cppljevans = cppljevans <cppljevans@boost.org>
cschmidt = cschmidt <cschmidt@boost.org>
daniel_frey = daniel_frey <daniel_frey@boost.org>
danieljames = danieljames <danieljames@boost.org>
danielw = danielw <danielw@boost.org>
daniel_wallin = daniel_wallin <daniel_wallin@boost.org>
dan_marsden = dan_marsden <dan_marsden@boost.org>
danmarsden = danmarsden <danmarsden@boost.org>
darinadler = darinadler <darinadler@boost.org>
dave = dave <dave@boost.org>
davedeakins = davedeakins <davedeakins@boost.org>
david_abrahams = david_abrahams <david_abrahams@boost.org>
david.bellot = david.bellot <david.bellot@boost.org>
dfrey42 = dfrey42 <dfrey42@boost.org>
dgregor = dgregor <dgregor@boost.org>
djenkins = djenkins <djenkins@boost.org>
djowel = djowel <djowel@boost.org>
djwalker = djwalker <djwalker@boost.org>
dlwalker = dlwalker <dlwalker@boost.org>
dramatec = dramatec <dramatec@boost.org>
ebf = ebf <ebf@boost.org>
emildotchevski = emildotchevski <emildotchevski@boost.org>
eric_niebler = eric_niebler <eric_niebler@boost.org>
fbarel = fbarel <fbarel@boost.org>
fcacciola = fcacciola <fcacciola@boost.org>
fmhess = fmhess <fmhess@boost.org>
ganssauge = ganssauge <ganssauge@boost.org>
garcia = garcia <garcia@boost.org>
gennaro_prota = gennaro_prota <gennaro_prota@boost.org>
giovannibajo = giovannibajo <giovannibajo@boost.org>
glassfordm = glassfordm <glassfordm@boost.org>
gmelquio = gmelquio <gmelquio@boost.org>
gordon.woodhull = gordon.woodhull <gordon.woodhull@boost.org>
grafik = grafik <grafik@boost.org>
guwi17 = guwi17 <guwi17@boost.org>
hervebronnimann = hervebronnimann <hervebronnimann@boost.org>
hevad57 = hevad57 <hevad57@boost.org>
hkaiser = hkaiser <hkaiser@boost.org>
hljin = hljin <hljin@boost.org>
hubert_holin = hubert_holin <hubert_holin@boost.org>
igaztanaga = igaztanaga <igaztanaga@boost.org>
imaman = imaman <imaman@boost.org>
imikejackson = imikejackson <imikejackson@boost.org>
jano_gaspar = jano_gaspar <jano_gaspar@boost.org>
jbandela = jbandela <jbandela@boost.org>
jbrandmeyer = jbrandmeyer <jbrandmeyer@boost.org>
jerrydy = jerrydy <jerrydy@boost.org>
jewillco = jewillco <jewillco@boost.org>
jhunold = jhunold <jhunold@boost.org>
jmaurer = jmaurer <jmaurer@boost.org>
joaquin = joaquin <joaquin@boost.org>
joaquintides = joaquintides <joaquintides@boost.org>
joerg_walter = joerg_walter <joerg_walter@boost.org>
jofaber = jofaber <jofaber@boost.org>
johnmaddock = johnmaddock <johnmaddock@boost.org>
joseph.gauterin = joseph.gauterin <joseph.gauterin@boost.org>
jsiek = jsiek <jsiek@boost.org>
jurko = jurko <jurko@boost.org>
kaalus = kaalus <kaalus@boost.org>
latte = latte <latte@boost.org>
lbourdev = lbourdev <lbourdev@boost.org>
ljsimons = ljsimons <ljsimons@boost.org>
llee1 = llee1 <llee1@boost.org>
mark_rodgers = mark_rodgers <mark_rodgers@boost.org>
marshall = marshall <marshall@boost.org>
martin_wille = martin_wille <martin_wille@boost.org>
matias = matias <matias@boost.org>
matiascape = matiascape <matiascape@boost.org>
matt_calabrese = matt_calabrese <matt_calabrese@boost.org>
matthiasschabel = matthiasschabel <matthiasschabel@boost.org>
mbergal = mbergal <mbergal@boost.org>
mclow = mclow <mclow@boost.org>
memring = memring <memring@boost.org>
mistevens = mistevens <mistevens@boost.org>
mmurrett = mmurrett <mmurrett@boost.org>
msclrhd = msclrhd <msclrhd@boost.org>
nasonov = nasonov <nasonov@boost.org>
neilgroves = neilgroves <neilgroves@boost.org>
nesotto = nesotto <nesotto@boost.org>
ngedmond = ngedmond <ngedmond@boost.org>
nicoddemus = nicoddemus <nicoddemus@boost.org>
niels_dekker = niels_dekker <niels_dekker@boost.org>
nielsdekker = nielsdekker <nielsdekker@boost.org>
nikiml = nikiml <nikiml@boost.org>
nimnul = nimnul <nimnul@boost.org>
nmusatti = nmusatti <nmusatti@boost.org>
noel_belcourt = noel_belcourt <noel_belcourt@boost.org>
nuffer = nuffer <nuffer@boost.org>
pavol_droba = pavol_droba <pavol_droba@boost.org>
pbristow = pbristow <pbristow@boost.org>
pdimov = pdimov <pdimov@boost.org>
pedro_ferreira = pedro_ferreira <pedro_ferreira@boost.org>
pmenso57 = pmenso57 <pmenso57@boost.org>
ramey = ramey <ramey@boost.org>
raoulgough = raoulgough <raoulgough@boost.org>
redi = redi <redi@boost.org>
reportbase2004 = reportbase2004 <reportbase2004@boost.org>
rgarcia = rgarcia <rgarcia@boost.org>
rogeeff = rogeeff <rogeeff@boost.org>
rwgk = rwgk <rwgk@boost.org>
samuel_k = samuel_k <samuel_k@boost.org>
samuel_krempp = samuel_krempp <samuel_krempp@boost.org>
schoepflin = schoepflin <schoepflin@boost.org>
sdiederich = sdiederich <sdiederich@boost.org>
shammah = shammah <shammah@boost.org>
siliconman = siliconman <siliconman@boost.org>
slapi = slapi <slapi@boost.org>
s_ochsenknecht = s_ochsenknecht <s_ochsenknecht@boost.org>
sohail = sohail <sohail@boost.org>
speedsnail = speedsnail <speedsnail@boost.org>
srajko = srajko <srajko@boost.org>
stefan = stefan <stefan@boost.org>
steven_watanabe = steven_watanabe <steven_watanabe@boost.org>
syl = syl <syl@boost.org>
thejcab = thejcab <thejcab@boost.org>
tknapen = tknapen <tknapen@boost.org>
troy = troy <troy@boost.org>
troyer = troyer <troyer@boost.org>
t_schwinger = t_schwinger <t_schwinger@boost.org>
tslettebo = tslettebo <tslettebo@boost.org>
turkanis = turkanis <turkanis@boost.org>
tzlaine = tzlaine <tzlaine@boost.org>
uid30600 = uid30600 <uid30600@boost.org>
uid30850 = uid30850 <uid30850@boost.org>
ullrich_koethe = ullrich_koethe <ullrich_koethe@boost.org>
urzuga = urzuga <urzuga@boost.org>
vawjr = vawjr <vawjr@boost.org>
vertleyb = vertleyb <vertleyb@boost.org>
vesa_karvonen = vesa_karvonen <vesa_karvonen@boost.org>
vladimir_prus = vladimir_prus <vladimir_prus@boost.org>
wash = wash <wash@boost.org>
witt = witt <witt@boost.org>
wom-work = wom-work <wom-work@boost.org>
(no author) = all <all@boost.org>

